{"frames": [
{
	"filename": "KenIdle0000",
	"frame": {"x":0,"y":0,"w":45,"h":82},
	"rotated": false,
	"trimmed": false,
	"spriteSourceSize": {"x":0,"y":0,"w":45,"h":82},
	"sourceSize": {"w":45,"h":82}
}
,{
	"filename": "KenIdle0001",
	"frame": {"x":45,"y":0,"w":45,"h":82},
	"rotated": false,
	"trimmed": false,
	"spriteSourceSize": {"x":0,"y":0,"w":45,"h":82},
	"sourceSize": {"w":45,"h":82}
}
,{
	"filename": "KenIdle0002",
	"frame": {"x":90,"y":0,"w":45,"h":82},
	"rotated": false,
	"trimmed": false,
	"spriteSourceSize": {"x":0,"y":0,"w":45,"h":82},
	"sourceSize": {"w":45,"h":82}
}
,{
	"filename": "KenIdle0003",
	"frame": {"x":135,"y":0,"w":45,"h":82},
	"rotated": false,
	"trimmed": false,
	"spriteSourceSize": {"x":0,"y":0,"w":45,"h":82},
	"sourceSize": {"w":45,"h":82}
}
,{
	"filename": "KenWalk0004",
	"frame": {"x":180,"y":0,"w":45,"h":82},
	"rotated": false,
	"trimmed": false,
	"spriteSourceSize": {"x":0,"y":0,"w":45,"h":82},
	"sourceSize": {"w":45,"h":82}
}
,{
	"filename": "KenWalk0005",
	"frame": {"x":225,"y":0,"w":45,"h":82},
	"rotated": false,
	"trimmed": false,
	"spriteSourceSize": {"x":0,"y":0,"w":45,"h":82},
	"sourceSize": {"w":45,"h":82}
}
,{
	"filename": "KenWalk0006",
	"frame": {"x":270,"y":0,"w":45,"h":82},
	"rotated": false,
	"trimmed": false,
	"spriteSourceSize": {"x":0,"y":0,"w":45,"h":82},
	"sourceSize": {"w":45,"h":82}
}
,{
	"filename": "KenWalk0007",
	"frame": {"x":315,"y":0,"w":45,"h":82},
	"rotated": false,
	"trimmed": false,
	"spriteSourceSize": {"x":0,"y":0,"w":45,"h":82},
	"sourceSize": {"w":45,"h":82}
}
],
"meta": {
	"app": "Adobe Photoshop CC",
	"version": "2017.1.1",
	"image": "ken_multiple_animations.png",
	"format": "RGBA8888",
	"size": {"w":450,"h":100},
	"scale": "1"
}
}